Nama,Jabatan,Email,Perusahaan,Hasil Riset,Status,Send Email Perkenalan,Kirim email
Alice,CTO,EMAIL_PLACEHOLDER,Acme Corp,"Acme Corp operates in a competitive market environment within Southeast Asia, where enterprises are increasingly adopting AI and machine learning to drive digital transformation. While specific products, services, or industry verticals are not detailed in the available information, Acme Corp’s context suggests it is subject to the same pressures as its regional peers: the need to enhance operational efficiency, improve decision-making, and differentiate through technology.

Core business (as can be inferred from the data available)
- Acme Corp competes in a market where:
  - Process efficiency and responsiveness are important.
  - Data-driven decision-making is becoming a key differentiator.
  - Digital transformation is a strategic priority, in line with broader Southeast Asian enterprise trends.
- The company’s core business likely involves operational processes and customer or market interactions that can generate substantial data suitable for analytics and automation.

Potential opportunities to improve efficiency and effectiveness via AI

1. AI‑driven process automation
- Operational workflow automation:
  - Use robotic process automation (RPA) combined with AI to handle repetitive, rules-based tasks (e.g., data entry, standard reporting, document routing), reducing manual workload and error rates.
  - Implement intelligent document processing to extract, validate, and route information from invoices, forms, and emails.
- Service and support automation:
  - Deploy AI chatbots or virtual assistants for first‑line inquiries (internal or external), improving response times and freeing human staff for higher‑value work.
  - Use AI to triage tickets or requests by urgency, topic, or impact, optimizing resource allocation.
- Resource planning and scheduling:
  - Apply machine learning models to optimize staffing schedules, inventory levels, or asset utilization, based on historical patterns and demand forecasts.

2. Data analytics and decision support
- Descriptive and diagnostic analytics:
  - Consolidate operational and customer data into dashboards that provide real‑time visibility into performance (e.g., throughput, cycle times, service levels, cost metrics).
  - Use analytics to identify process bottlenecks, high‑cost activities, and quality issues, enabling targeted improvement initiatives.
- Predictive analytics:
  - Develop forecasting models for demand, workload, or risk events to improve planning and reduce last‑minute firefighting.
  - Use churn or risk prediction models where applicable (e.g., anticipating customer attrition or identifying high‑risk transactions).
- Prescriptive analytics:
  - Implement optimization models that recommend specific actions (e.g., optimal pricing, routing, or resource allocation) under different scenarios.
  - Integrate recommendations into operational systems so frontline teams receive AI‑driven guidance directly in their workflows.

3. AI‑enabled digital transformation
- Enhanced digital customer experiences:
  - Introduce personalization engines that tailor content, offers, or service options based on user behavior and preferences, where relevant to Acme Corp’s business.
  - Use AI‑based recommendation systems in digital channels to increase engagement or conversion.
- Intelligent monitoring and insights:
  - Implement AI models to continuously monitor operational data for anomalies (e.g., unusual activity patterns, quality deviations), enabling faster issue detection and response.
  - Apply natural language processing (NLP) to analyze unstructured feedback (emails, chats, survey comments) to identify themes and emerging issues.
- Strategic transformation and capability building:
  - Establish a central data and AI capability that sets standards for data governance, model lifecycle management, and ethical AI use.
  - Prioritize a phased roadmap starting with high‑impact, low‑complexity use cases (e.g., automation of repetitive tasks, basic dashboards) and progressing to more advanced predictive and prescriptive applications.

4. Competitive positioning through AI adoption
- Efficiency gains:
  - Lower operating costs and improved process reliability through automation and better planning can allow Acme Corp to compete more effectively on price and service levels.
- Agility and responsiveness:
  - Faster, data‑driven decisions enable Acme Corp to adapt more quickly to market changes, customer needs, and competitor moves.
- Differentiation:
  - By embedding AI into products, services, or customer interactions, Acme Corp can create capabilities that are harder for slower adopters to replicate.

Constraints and dependencies
- Data readiness:
  - Successful AI initiatives depend on the availability of clean, well‑governed data across the company’s systems.
- Change management:
  - Realizing benefits requires process redesign, staff training, and clear communication about how AI supports employees rather than simply replacing them.
- Ongoing iteration:
  - AI models and digital solutions must be continuously monitored and refined as market conditions and business needs evolve.

Within these constraints, Acme Corp has multiple avenues to leverage AI for efficiency, effectiveness, and competitive advantage, aligned with the broader trend of accelerating AI adoption among Southeast Asian enterprises.",Leads,,
Bob,CEO,EMAIL_PLACEHOLDER,Beta Inc,"Beta Inc. operates in a competitive market environment within Southeast Asia, where enterprises are rapidly adopting AI and machine learning to enhance operations and decision-making. While specific details about its products, services, or industry niche are not provided in the available data, the company’s core business can be characterized as participating in a market where digital transformation and advanced analytics are becoming critical differentiators.

Given this context, Beta Inc.’s core business likely relies on operational efficiency, responsiveness to market conditions, and the ability to derive value from data. The primary opportunities to improve efficiency and effectiveness through AI solutions include:

1. **Process Automation**
   - Streamline repetitive, rules-based tasks (e.g., routine back-office processes, standard customer inquiries, basic data entry) using AI-driven automation.
   - Implement workflow automation tools to reduce manual handoffs, shorten cycle times, and minimize error rates in operational processes.
   - Apply intelligent document processing for invoices, contracts, and forms to speed up information capture and validation.

2. **Data Analytics and Decision Support**
   - Use AI and machine learning to analyze operational, financial, and customer data for better forecasting, demand planning, and resource allocation.
   - Deploy advanced analytics for performance monitoring, enabling near real-time dashboards and alerts for key business metrics.
   - Implement predictive models to identify patterns such as churn risk, cross-sell and upsell potential, and segment-specific behavior, informing more targeted strategies.

3. **Customer Experience Enhancement**
   - Introduce AI-powered chatbots and virtual assistants to handle first-line customer support, improving responsiveness while reducing service costs.
   - Use recommendation engines and personalization algorithms to tailor offerings, communications, or content to individual customer profiles.
   - Analyze customer feedback and interaction data (e.g., support tickets, survey responses) using natural language processing to identify pain points and areas for service improvement.

4. **Operational Optimization**
   - Apply AI for optimization problems such as scheduling, routing, or capacity planning to reduce operational bottlenecks and improve resource utilization.
   - Use anomaly detection on operational data (e.g., transaction patterns, system logs) to proactively identify issues, reduce downtime, and improve quality control.
   - Implement AI-based risk models to better assess operational and market risks, supporting more informed strategic and tactical decisions.

5. **Digital Transformation Enablement**
   - Integrate AI into existing digital platforms and tools to augment employees’ capabilities (e.g., decision-support systems, smart search, automated reporting).
   - Use AI to support transformation roadmaps by identifying processes with the highest automation potential and quantifying expected efficiency gains.
   - Leverage machine learning to continuously improve digital products and services based on observed user behavior and outcomes.

Collectively, these AI-driven initiatives can help Beta Inc. improve process efficiency, reduce costs, enhance customer satisfaction, and strengthen competitive positioning in a market where AI adoption is accelerating. All recommended opportunities are derived solely from the context that Beta Inc. operates in a competitive Southeast Asian market with broad potential for AI-driven process automation, data analytics, and digital transformation.",Leads,,
